{"stats":{"minecraft:custom":{"minecraft:jump":212,"minecraft:time_since_rest":5148,"minecraft:damage_taken":30,"minecraft:damage_dealt":22,"minecraft:crouch_one_cm":4,"minecraft:sprint_one_cm":16616,"minecraft:play_time":5148,"minecraft:walk_on_water_one_cm":965,"minecraft:time_since_death":5148,"minecraft:walk_one_cm":11224,"minecraft:sneak_time":4,"minecraft:total_world_time":5148,"minecraft:walk_under_water_one_cm":334,"minecraft:swim_one_cm":2009,"minecraft:fall_one_cm":3255,"minecraft:fly_one_cm":40246},"minecraft:mined":{"minecraft:grass_block":2,"minecraft:dirt":3},"minecraft:used":{"minecraft:dirt":5},"minecraft:picked_up":{"minecraft:dirt":5}},"DataVersion":4082}