{"stats":{"minecraft:custom":{"minecraft:jump":164,"minecraft:time_since_rest":5039,"minecraft:crouch_one_cm":448,"minecraft:walk_on_water_one_cm":260,"minecraft:sprint_one_cm":11734,"minecraft:play_time":5039,"minecraft:damage_taken":42,"minecraft:time_since_death":5039,"minecraft:walk_one_cm":18844,"minecraft:sneak_time":215,"minecraft:total_world_time":5039,"minecraft:walk_under_water_one_cm":27,"minecraft:swim_one_cm":2386,"minecraft:fall_one_cm":3206,"minecraft:fly_one_cm":34736},"minecraft:mined":{"minecraft:spruce_log":4},"minecraft:picked_up":{"minecraft:spruce_log":4}},"DataVersion":4082}