{"stats":{"minecraft:crafted":{"minecraft:oak_planks":16,"minecraft:crafting_table":1,"minecraft:stick":8,"minecraft:wooden_pickaxe":1,"minecraft:stone_pickaxe":1,"minecraft:torch":4,"minecraft:stone_axe":1},"minecraft:custom":{"minecraft:time_since_rest":23812,"minecraft:sprint_one_cm":26089,"minecraft:damage_taken":125,"minecraft:walk_one_cm":45694,"minecraft:mob_kills":6,"minecraft:drop":2,"minecraft:damage_dealt":640,"minecraft:swim_one_cm":871,"minecraft:interact_with_crafting_table":3,"minecraft:fly_one_cm":31258,"minecraft:crouch_one_cm":1320,"minecraft:play_time":23812,"minecraft:sneak_time":664,"minecraft:walk_under_water_one_cm":1061,"minecraft:jump":244,"minecraft:leave_game":1,"minecraft:time_since_death":23812,"minecraft:walk_on_water_one_cm":920,"minecraft:total_world_time":23812,"minecraft:fall_one_cm":7489},"minecraft:mined":{"minecraft:crafting_table":1,"minecraft:grass":11,"minecraft:grass_block":2,"minecraft:oak_log":27,"minecraft:coal_ore":1,"minecraft:tall_grass":2,"minecraft:stone":19,"minecraft:oak_leaves":14},"minecraft:used":{"minecraft:stone_pickaxe":8,"minecraft:wooden_pickaxe":12,"minecraft:stone_axe":34,"minecraft:crafting_table":1,"minecraft:porkchop":1},"minecraft:picked_up":{"minecraft:crafting_table":1,"minecraft:porkchop":1,"minecraft:oak_log":27,"minecraft:dirt":2,"minecraft:stone_axe":1,"minecraft:mutton":6,"minecraft:oak_planks":1,"minecraft:coal":1,"minecraft:white_wool":4,"minecraft:cobblestone":19,"minecraft:egg":2},"minecraft:killed":{"minecraft:sheep":4,"minecraft:pig":1,"minecraft:creeper":1},"minecraft:dropped":{"minecraft:stone_axe":1,"minecraft:oak_planks":1}},"DataVersion":3465}