{"stats":{"minecraft:used":{"minecraft:diorite":1,"minecraft:stone_pickaxe":38,"minecraft:oak_button":40,"minecraft:wooden_pickaxe":35,"minecraft:torch":10,"minecraft:dirt":5,"minecraft:beef":3,"minecraft:crafting_table":2,"minecraft:oak_sapling":1,"minecraft:porkchop":1},"minecraft:broken":{"minecraft:wooden_pickaxe":1},"minecraft:picked_up":{"minecraft:crafting_table":1,"minecraft:leather":2,"minecraft:torch":2,"minecraft:porkchop":7,"minecraft:oak_log":14,"minecraft:diorite":1,"minecraft:dirt":10,"minecraft:rotten_flesh":1,"minecraft:wheat_seeds":1,"minecraft:beef":3,"minecraft:oak_sapling":1,"minecraft:coal":21,"minecraft:cobblestone":20},"minecraft:custom":{"minecraft:time_since_rest":21264,"minecraft:sprint_one_cm":31802,"minecraft:damage_taken":110,"minecraft:walk_one_cm":55413,"minecraft:mob_kills":5,"minecraft:drop":1,"minecraft:damage_dealt":580,"minecraft:interact_with_crafting_table":3,"minecraft:swim_one_cm":11076,"minecraft:fly_one_cm":38381,"minecraft:crouch_one_cm":5667,"minecraft:play_time":21264,"minecraft:sneak_time":1988,"minecraft:walk_under_water_one_cm":2576,"minecraft:jump":197,"minecraft:leave_game":1,"minecraft:walk_on_water_one_cm":1749,"minecraft:time_since_death":21264,"minecraft:total_world_time":21264,"minecraft:fall_one_cm":3379},"minecraft:killed":{"minecraft:zombie":1,"minecraft:pig":3,"minecraft:cow":1},"minecraft:mined":{"minecraft:torch":1,"minecraft:crafting_table":1,"minecraft:short_grass":10,"minecraft:oak_log":14,"minecraft:grass_block":3,"minecraft:coal_ore":21,"minecraft:dirt":7,"minecraft:stone":20,"minecraft:diorite":1,"minecraft:oak_leaves":4},"minecraft:dropped":{"minecraft:wheat_seeds":1},"minecraft:crafted":{"minecraft:oak_planks":56,"minecraft:crafting_table":1,"minecraft:stick":8,"minecraft:wooden_pickaxe":1,"minecraft:stone_pickaxe":1,"minecraft:oak_button":40,"minecraft:torch":12}},"DataVersion":4082}