{"stats":{"minecraft:crafted":{"minecraft:oak_planks":16,"minecraft:crafting_table":1,"minecraft:stick":4,"minecraft:wooden_pickaxe":1},"minecraft:custom":{"minecraft:time_since_rest":11812,"minecraft:crouch_one_cm":906,"minecraft:sprint_one_cm":15040,"minecraft:play_time":11812,"minecraft:damage_taken":70,"minecraft:walk_one_cm":30370,"minecraft:sneak_time":471,"minecraft:mob_kills":5,"minecraft:drop":1,"minecraft:jump":125,"minecraft:damage_dealt":440,"minecraft:leave_game":1,"minecraft:time_since_death":11812,"minecraft:total_world_time":11812,"minecraft:interact_with_crafting_table":2,"minecraft:fall_one_cm":4671,"minecraft:fly_one_cm":22672},"minecraft:mined":{"minecraft:grass":11,"minecraft:oak_log":4,"minecraft:tall_grass":2,"minecraft:stone":12,"minecraft:oak_leaves":2},"minecraft:used":{"minecraft:crafting_table":1,"minecraft:porkchop":1,"minecraft:wooden_pickaxe":12},"minecraft:picked_up":{"minecraft:porkchop":1,"minecraft:oak_log":4,"minecraft:mutton":6,"minecraft:oak_planks":1,"minecraft:white_wool":4,"minecraft:cobblestone":12,"minecraft:egg":2},"minecraft:killed":{"minecraft:sheep":4,"minecraft:pig":1},"minecraft:dropped":{"minecraft:oak_planks":1}},"DataVersion":3465}