{"stats":{"minecraft:used":{"minecraft:oak_button":40},"minecraft:picked_up":{"minecraft:wheat_seeds":1,"minecraft:porkchop":2,"minecraft:oak_log":11,"minecraft:oak_sapling":1},"minecraft:custom":{"minecraft:time_since_rest":5970,"minecraft:crouch_one_cm":1187,"minecraft:play_time":5970,"minecraft:sprint_one_cm":13683,"minecraft:walk_one_cm":12258,"minecraft:sneak_time":418,"minecraft:walk_under_water_one_cm":52,"minecraft:mob_kills":1,"minecraft:drop":1,"minecraft:jump":68,"minecraft:damage_dealt":110,"minecraft:time_since_death":5970,"minecraft:walk_on_water_one_cm":277,"minecraft:total_world_time":5970,"minecraft:swim_one_cm":2051,"minecraft:fall_one_cm":1730,"minecraft:fly_one_cm":19651},"minecraft:killed":{"minecraft:pig":1},"minecraft:mined":{"minecraft:short_grass":9,"minecraft:oak_log":11,"minecraft:oak_leaves":4},"minecraft:dropped":{"minecraft:wheat_seeds":1},"minecraft:crafted":{"minecraft:oak_button":40,"minecraft:oak_planks":40}},"DataVersion":4082}