{"stats":{"minecraft:crafted":{"minecraft:oak_planks":16,"minecraft:crafting_table":1,"minecraft:stick":8,"minecraft:wooden_pickaxe":1,"minecraft:stone_pickaxe":1,"minecraft:stone_sword":1,"minecraft:torch":4,"minecraft:stone_axe":1},"minecraft:custom":{"minecraft:time_since_rest":35812,"minecraft:sprint_one_cm":51940,"minecraft:damage_taken":270,"minecraft:walk_one_cm":69382,"minecraft:mob_kills":14,"minecraft:drop":2,"minecraft:damage_dealt":2212,"minecraft:swim_one_cm":7805,"minecraft:interact_with_crafting_table":4,"minecraft:fly_one_cm":60750,"minecraft:open_chest":6,"minecraft:crouch_one_cm":1335,"minecraft:play_time":35812,"minecraft:sneak_time":767,"minecraft:walk_under_water_one_cm":1384,"minecraft:jump":396,"minecraft:leave_game":1,"minecraft:time_since_death":35812,"minecraft:walk_on_water_one_cm":1999,"minecraft:total_world_time":35812,"minecraft:fall_one_cm":10599},"minecraft:mined":{"minecraft:cut_sandstone":4,"minecraft:stone_pressure_plate":1,"minecraft:chiseled_sandstone":1,"minecraft:torch":1,"minecraft:crafting_table":2,"minecraft:grass":14,"minecraft:grass_block":2,"minecraft:oak_log":27,"minecraft:coal_ore":1,"minecraft:tall_grass":2,"minecraft:stone":19,"minecraft:wall_torch":2,"minecraft:sandstone":9,"minecraft:oak_leaves":14},"minecraft:used":{"minecraft:stone_sword":24,"minecraft:bread":2,"minecraft:stone_pickaxe":25,"minecraft:wooden_pickaxe":12,"minecraft:sandstone":7,"minecraft:cut_sandstone":4,"minecraft:torch":3,"minecraft:stone_axe":45,"minecraft:dirt":2,"minecraft:mutton":2,"minecraft:crafting_table":2,"minecraft:porkchop":1},"minecraft:picked_up":{"minecraft:crafting_table":2,"minecraft:sandstone":9,"minecraft:cut_sandstone":4,"minecraft:torch":3,"minecraft:porkchop":12,"minecraft:oak_log":27,"minecraft:stone_pressure_plate":1,"minecraft:chiseled_sandstone":1,"minecraft:dirt":2,"minecraft:rotten_flesh":2,"minecraft:stone_axe":1,"minecraft:mutton":6,"minecraft:oak_planks":1,"minecraft:coal":1,"minecraft:ender_pearl":1,"minecraft:white_wool":4,"minecraft:cobblestone":19,"minecraft:egg":2},"minecraft:killed":{"minecraft:sheep":4,"minecraft:zombie":3,"minecraft:pig":5,"minecraft:creeper":1,"minecraft:enderman":1},"minecraft:dropped":{"minecraft:stone_axe":1,"minecraft:oak_planks":1}},"DataVersion":3465}