{"stats":{"minecraft:crafted":{"minecraft:oak_planks":16,"minecraft:crafting_table":1,"minecraft:stick":8,"minecraft:wooden_pickaxe":1,"minecraft:stone_pickaxe":1,"minecraft:stone_sword":1,"minecraft:torch":4,"minecraft:stone_axe":1},"minecraft:custom":{"minecraft:time_since_rest":4016,"minecraft:sprint_one_cm":87030,"minecraft:damage_taken":1240,"minecraft:walk_one_cm":104617,"minecraft:mob_kills":43,"minecraft:drop":2,"minecraft:damage_dealt":6305,"minecraft:swim_one_cm":7805,"minecraft:interact_with_crafting_table":4,"minecraft:fly_one_cm":121933,"minecraft:open_chest":6,"minecraft:crouch_one_cm":2199,"minecraft:play_time":47812,"minecraft:deaths":4,"minecraft:sneak_time":1337,"minecraft:walk_under_water_one_cm":1384,"minecraft:jump":690,"minecraft:leave_game":1,"minecraft:time_since_death":3977,"minecraft:walk_on_water_one_cm":1999,"minecraft:total_world_time":47812,"minecraft:fall_one_cm":19223},"minecraft:mined":{"minecraft:cut_sandstone":4,"minecraft:stone_pressure_plate":1,"minecraft:chiseled_sandstone":1,"minecraft:torch":1,"minecraft:crafting_table":2,"minecraft:grass":27,"minecraft:grass_block":3,"minecraft:oak_log":27,"minecraft:coal_ore":30,"minecraft:tall_grass":5,"minecraft:stone":22,"minecraft:wall_torch":2,"minecraft:sandstone":9,"minecraft:oak_leaves":14},"minecraft:killed_by":{"minecraft:skeleton":1,"minecraft:creeper":2,"minecraft:spider":1},"minecraft:used":{"minecraft:stone_sword":135,"minecraft:bread":2,"minecraft:stone_pickaxe":57,"minecraft:wooden_pickaxe":12,"minecraft:sandstone":7,"minecraft:cut_sandstone":4,"minecraft:torch":3,"minecraft:stone_axe":47,"minecraft:dirt":2,"minecraft:mutton":2,"minecraft:crafting_table":2,"minecraft:porkchop":1},"minecraft:picked_up":{"minecraft:crafting_table":2,"minecraft:sandstone":9,"minecraft:leather":16,"minecraft:cut_sandstone":4,"minecraft:torch":3,"minecraft:porkchop":25,"minecraft:oak_log":27,"minecraft:stone_pressure_plate":1,"minecraft:chiseled_sandstone":1,"minecraft:dirt":3,"minecraft:bone":1,"minecraft:arrow":2,"minecraft:rotten_flesh":9,"minecraft:stone_axe":1,"minecraft:wheat_seeds":1,"minecraft:beef":24,"minecraft:mutton":6,"minecraft:oak_planks":1,"minecraft:coal":30,"minecraft:ender_pearl":1,"minecraft:white_wool":4,"minecraft:cobblestone":22,"minecraft:egg":4},"minecraft:killed":{"minecraft:sheep":4,"minecraft:skeleton":3,"minecraft:zombie":9,"minecraft:pig":12,"minecraft:cow":13,"minecraft:creeper":1,"minecraft:enderman":1},"minecraft:dropped":{"minecraft:stone_axe":1,"minecraft:oak_planks":1}},"DataVersion":3465}