{"stat.walkOneCm":23049,"stat.leaveGame":2,"stat.pickup.minecraft.crafting_table":1,"stat.craftItem.minecraft.crafting_table":1,"stat.mineBlock.minecraft.coal_ore":9,"stat.pickup.minecraft.log":26,"stat.jump":129,"stat.pickup.minecraft.coal":9,"stat.fallOneCm":2460,"stat.useItem.minecraft.stone_axe":27,"stat.crouchOneCm":1035,"stat.pickup.minecraft.dirt":2,"stat.sprintOneCm":6991,"stat.useItem.minecraft.stone_slab2":4,"stat.craftItem.minecraft.stick":8,"stat.craftingTableInteraction":4,"stat.craftItem.minecraft.planks":24,"stat.useItem.minecraft.egg":3,"stat.craftItem.minecraft.stone_axe":1,"stat.damageTaken":255,"stat.mineBlock.minecraft.crafting_table":1,"stat.craftItem.minecraft.stone_pickaxe":1,"stat.useItem.minecraft.wooden_pickaxe":3,"stat.pickup.minecraft.cobblestone":14,"stat.mobKills":4,"stat.mineBlock.minecraft.log":26,"stat.flyOneCm":40043,"stat.deaths":1,"stat.pickup.minecraft.egg":3,"stat.playOneMinute":20710,"stat.entityKilledBy.Zombie":1,"stat.useItem.minecraft.stone_pickaxe":20,"stat.killEntity.Sheep":4,"stat.sneakTime":841,"stat.pickup.minecraft.wool":4,"stat.damageDealt":459,"stat.timeSinceDeath":8593,"stat.mineBlock.minecraft.dirt":2,"stat.useItem.minecraft.spawn_egg":1,"stat.craftItem.minecraft.wooden_pickaxe":1,"stat.mineBlock.minecraft.stone":14,"stat.pickup.minecraft.mutton":5}