{"stats":{"minecraft:mined":{"minecraft:birch_log":8,"minecraft:fire":1},"minecraft:picked_up":{"minecraft:birch_log":8},"minecraft:custom":{"minecraft:jump":77,"minecraft:time_since_rest":17432,"minecraft:crouch_one_cm":405,"minecraft:play_one_minute":17432,"minecraft:leave_game":1,"minecraft:sprint_one_cm":9618,"minecraft:damage_taken":20,"minecraft:time_since_death":17432,"minecraft:walk_one_cm":33117,"minecraft:sneak_time":216,"minecraft:fall_one_cm":1777,"minecraft:fly_one_cm":5162}},"DataVersion":2586}